{"cameraMode":{"drawMode":0,"name":"Shaded","section":"Shading Mode"},"sceneLighting":false,"audioPlay":false,"sceneViewState":{"showFog":true,"showMaterialUpdate":true,"showSkybox":false,"showFlares":true,"showImageEffects":true,"showParticleSystems":true},"in2DMode":false,"pivot":{"x":1.1563857793807984,"y":0.565000057220459,"z":-11.646385192871094},"rotation":{"x":-0.24088957905769349,"y":0.018046392127871515,"z":-0.0044510881416499619,"w":-0.9704469442367554},"size":43.86708068847656,"orthographic":false}